﻿claim_id,employee_id,employee_name,dept,date,start_time,end_time,origin,destination,km_claimed,amount_paid,expense_type,approver_name,approver_title,approval_date,notes,attachment_present
C2025-0001,E001,홍길동,행정실,2025-03-05,09:00,11:30,문막초,원주시청,12,7000,관내여비,김실장,행정실장,2025-03-06,회의 참석,true
C2025-0002,E001,홍길동,행정실,2025-03-05,13:00,14:00,원주시청,문막초,12,7000,관내여비,김실장,행정실장,2025-03-06,복귀,true
C2025-0003,E002,김교사,교무실,2025-04-20,08:40,10:10,문막초,교육지원청,20,12000,관내여비,이차석,차석,2025-04-21,,false
C2025-0004,E001,홍길동,행정실,2025-04-20,09:00,10:00,문막초,교육지원청,20,18000,관내여비,김실장,행정실장,2025-04-21,금액 과다?,true
C2025-0005,E003,박주무관,행정실,2025-05-03,09:10,09:50,문막초,우체국,3,3000,관내여비,김실장,행정실장,2025-05-03,토요일 출장,true
