{
  "meta": {
    "월통상임금산정시간": 209,
    "사용스냅샷": "2025.03.01"
  },
  "snapshot": {
    "fixedAmounts": {
      "정액급식비": 150000,
      "정기상여금": 83330,
      "명절휴가비": 154160,
      "교무행정사(직무수당)": 30000
    },
    "jobs": [
      {
        "직종": "교무행정사",
        "기본급": 2066000,
        "근속수당등급": "◎",
        "적용": {
          "정액급식비": "○",
          "위험수당": "×",
          "급식운영수당": "×",
          "기술정보수당": "×",
          "특수업무수당": "×",
          "특수교육지원수당": "×",
          "면허가산수당": "×",
          "가족수당": "○",
          "정기상여금": "○",
          "명절휴가비": "○",
          "맞춤형복지": "○",
          "교무행정사(직무수당)": "○"
        },
        "일급": 79080
      },
      {
        "직종": "유치원방과후교육사",
        "기본급": 2266000,
        "근속수당등급": "◎",
        "적용": {
          "정액급식비": "○",
          "위험수당": "×",
          "급식운영수당": "×",
          "기술정보수당": "×",
          "특수업무수당": "×",
          "특수교육지원수당": "×",
          "면허가산수당": "×",
          "가족수당": "○",
          "정기상여금": "○",
          "명절휴가비": "○",
          "맞춤형복지": "○",
          "교무행정사(직무수당)": "×"
        },
        "일급": 86730
      },
      {
        "직종": "늘봄학교전담사",
        "기본급": 2066000,
        "근속수당등급": "◎",
        "적용": {
          "정액급식비": "○",
          "위험수당": "×",
          "급식운영수당": "×",
          "기술정보수당": "×",
          "특수업무수당": "×",
          "특수교육지원수당": "×",
          "면허가산수당": "×",
          "가족수당": "○",
          "정기상여금": "○",
          "명절휴가비": "○",
          "맞춤형복지": "○",
          "교무행정사(직무수당)": "×"
        },
        "일급": 79080
      },
      {
        "직종": "장애유아지도사(유)",
        "기본급": 2266000,
        "근속수당등급": "◎",
        "적용": {
          "정액급식비": "○",
          "위험수당": "×",
          "급식운영수당": "×",
          "기술정보수당": "×",
          "특수업무수당": "×",
          "특수교육지원수당": "×",
          "면허가산수당": "×",
          "가족수당": "○",
          "정기상여금": "○",
          "명절휴가비": "○",
          "맞춤형복지": "○",
          "교무행정사(직무수당)": "×"
        },
        "일급": 86730
      },
      {
        "직종": "장애유아지도사(유)(단시간)",
        "기본급": 1416250,
        "근속수당등급": "◎",
        "적용": {
          "정액급식비": "○",
          "위험수당": "×",
          "급식운영수당": "×",
          "기술정보수당": "×",
          "특수업무수당": "×",
          "특수교육지원수당": "×",
          "면허가산수당": "×",
          "가족수당": "○",
          "정기상여금": "○",
          "명절휴가비": "○",
          "맞춤형복지": "○",
          "교무행정사(직무수당)": "×"
        },
        "일급": 54470
      },
      {
        "직종": "영양사",
        "기본급": 2266000,
        "근속수당등급": "◎",
        "적용": {
          "정액급식비": "○",
          "위험수당": "×",
          "급식운영수당": "○",
          "기술정보수당": "×",
          "특수업무수당": "×",
          "특수교육지원수당": "×",
          "면허가산수당": "◎",
          "가족수당": "○",
          "정기상여금": "○",
          "명절휴가비": "○",
          "맞춤형복지": "○",
          "교무행정사(직무수당)": "×"
        },
        "일급": 86730
      },
      {
        "직종": "기숙사생활지도원",
        "기본급": 2266000,
        "근속수당등급": "◎",
        "적용": {
          "정액급식비": "○",
          "위험수당": "×",
          "급식운영수당": "×",
          "기술정보수당": "×",
          "특수업무수당": "×",
          "특수교육지원수당": "×",
          "면허가산수당": "×",
          "가족수당": "○",
          "정기상여금": "○",
          "명절휴가비": "○",
          "맞춤형복지": "○",
          "교무행정사(직무수당)": "×"
        },
        "일급": 86730
      },
      {
        "직종": "학교운동부지도자",
        "기본급": 2287390,
        "근속수당등급": "◎",
        "적용": {
          "정액급식비": "○",
          "위험수당": "×",
          "급식운영수당": "×",
          "기술정보수당": "×",
          "특수업무수당": "×",
          "특수교육지원수당": "×",
          "면허가산수당": "×",
          "가족수당": "○",
          "정기상여금": "○",
          "명절휴가비": "○",
          "맞춤형복지": "○",
          "교무행정사(직무수당)": "×"
        },
        "일급": 87550
      },
      {
        "직종": "교육복지사(학교)",
        "기본급": 2266000,
        "근속수당등급": "◎",
        "적용": {
          "정액급식비": "○",
          "위험수당": "×",
          "급식운영수당": "×",
          "기술정보수당": "×",
          "특수업무수당": "◎",
          "특수교육지원수당": "×",
          "면허가산수당": "×",
          "가족수당": "○",
          "정기상여금": "○",
          "명절휴가비": "○",
          "맞춤형복지": "○",
          "교무행정사(직무수당)": "×"
        },
        "일급": 86730
      },
      {
        "직종": "전문상담사",
        "기본급": 2266000,
        "근속수당등급": "◎",
        "적용": {
          "정액급식비": "○",
          "위험수당": "×",
          "급식운영수당": "×",
          "기술정보수당": "×",
          "특수업무수당": "×",
          "특수교육지원수당": "×",
          "면허가산수당": "×",
          "가족수당": "○",
          "정기상여금": "○",
          "명절휴가비": "○",
          "맞춤형복지": "○",
          "교무행정사(직무수당)": "×"
        },
        "일급": 86730
      },
      {
        "직종": "건강실무사(유)",
        "기본급": 2066000,
        "근속수당등급": "◎",
        "적용": {
          "정액급식비": "○",
          "위험수당": "×",
          "급식운영수당": "×",
          "기술정보수당": "×",
          "특수업무수당": "×",
          "특수교육지원수당": "×",
          "면허가산수당": "×",
          "가족수당": "○",
          "정기상여금": "○",
          "명절휴가비": "○",
          "맞춤형복지": "○",
          "교무행정사(직무수당)": "×"
        },
        "일급": 79080
      },
      {
        "직종": "통학차량운전원",
        "기본급": 2066000,
        "근속수당등급": "◎",
        "적용": {
          "정액급식비": "○",
          "위험수당": "×",
          "급식운영수당": "×",
          "기술정보수당": "×",
          "특수업무수당": "×",
          "특수교육지원수당": "×",
          "면허가산수당": "×",
          "가족수당": "○",
          "정기상여금": "○",
          "명절휴가비": "○",
          "맞춤형복지": "○",
          "교무행정사(직무수당)": "×"
        },
        "일급": 79080
      },
      {
        "직종": "발명실무원",
        "기본급": 2066000,
        "근속수당등급": "◎",
        "적용": {
          "정액급식비": "○",
          "위험수당": "×",
          "급식운영수당": "×",
          "기술정보수당": "×",
          "특수업무수당": "×",
          "특수교육지원수당": "×",
          "면허가산수당": "×",
          "가족수당": "○",
          "정기상여금": "○",
          "명절휴가비": "○",
          "맞춤형복지": "○",
          "교무행정사(직무수당)": "×"
        },
        "일급": 79080
      },
      {
        "직종": "통학지도원(특수학교)",
        "기본급": 2066000,
        "근속수당등급": "◎",
        "적용": {
          "정액급식비": "○",
          "위험수당": "×",
          "급식운영수당": "×",
          "기술정보수당": "×",
          "특수업무수당": "×",
          "특수교육지원수당": "×",
          "면허가산수당": "×",
          "가족수당": "○",
          "정기상여금": "○",
          "명절휴가비": "○",
          "맞춤형복지": "○",
          "교무행정사(직무수당)": "×"
        },
        "일급": 79080
      },
      {
        "직종": "특수교육지도사",
        "기본급": 2066000,
        "근속수당등급": "◎",
        "적용": {
          "정액급식비": "○",
          "위험수당": "×",
          "급식운영수당": "×",
          "기술정보수당": "×",
          "특수업무수당": "×",
          "특수교육지원수당": "○",
          "면허가산수당": "×",
          "가족수당": "○",
          "정기상여금": "○",
          "명절휴가비": "○",
          "맞춤형복지": "○",
          "교무행정사(직무수당)": "×"
        },
        "일급": 79080
      },
      {
        "직종": "조리사",
        "기본급": 2169300,
        "근속수당등급": "◎",
        "적용": {
          "정액급식비": "○",
          "위험수당": "○",
          "급식운영수당": "×",
          "기술정보수당": "×",
          "특수업무수당": "×",
          "특수교육지원수당": "×",
          "면허가산수당": "×",
          "가족수당": "○",
          "정기상여금": "○",
          "명절휴가비": "○",
          "맞춤형복지": "○",
          "교무행정사(직무수당)": "×"
        },
        "일급": 83030
      },
      {
        "직종": "조리실무사",
        "기본급": 2066000,
        "근속수당등급": "◎",
        "적용": {
          "정액급식비": "○",
          "위험수당": "○",
          "급식운영수당": "×",
          "기술정보수당": "×",
          "특수업무수당": "×",
          "특수교육지원수당": "×",
          "면허가산수당": "×",
          "가족수당": "○",
          "정기상여금": "○",
          "명절휴가비": "○",
          "맞춤형복지": "○",
          "교무행정사(직무수당)": "×"
        },
        "일급": 79080
      },
      {
        "직종": "장애유아지도사(특)",
        "기본급": 2266000,
        "근속수당등급": "◎",
        "적용": {
          "정액급식비": "○",
          "위험수당": "×",
          "급식운영수당": "×",
          "기술정보수당": "×",
          "특수업무수당": "×",
          "특수교육지원수당": "×",
          "면허가산수당": "×",
          "가족수당": "○",
          "정기상여금": "○",
          "명절휴가비": "○",
          "맞춤형복지": "○",
          "교무행정사(직무수당)": "×"
        },
        "일급": 86730
      },
      {
        "직종": "장애유아지도사(특)(단시간)",
        "기본급": 1416250,
        "근속수당등급": "◎",
        "적용": {
          "정액급식비": "○",
          "위험수당": "×",
          "급식운영수당": "×",
          "기술정보수당": "×",
          "특수업무수당": "×",
          "특수교육지원수당": "×",
          "면허가산수당": "×",
          "가족수당": "○",
          "정기상여금": "○",
          "명절휴가비": "○",
          "맞춤형복지": "○",
          "교무행정사(직무수당)": "×"
        },
        "일급": 54470
      },
      {
        "직종": "직업지도사",
        "기본급": 2266000,
        "근속수당등급": "◎",
        "적용": {
          "정액급식비": "○",
          "위험수당": "×",
          "급식운영수당": "×",
          "기술정보수당": "×",
          "특수업무수당": "×",
          "특수교육지원수당": "×",
          "면허가산수당": "×",
          "가족수당": "○",
          "정기상여금": "○",
          "명절휴가비": "○",
          "맞춤형복지": "○",
          "교무행정사(직무수당)": "×"
        },
        "일급": 86730
      },
      {
        "직종": "학교치료사",
        "기본급": 2266000,
        "근속수당등급": "◎",
        "적용": {
          "정액급식비": "○",
          "위험수당": "×",
          "급식운영수당": "×",
          "기술정보수당": "×",
          "특수업무수당": "×",
          "특수교육지원수당": "×",
          "면허가산수당": "×",
          "가족수당": "○",
          "정기상여금": "○",
          "명절휴가비": "○",
          "맞춤형복지": "○",
          "교무행정사(직무수당)": "×"
        },
        "일급": 86730
      },
      {
        "직종": "초등돌봄전담사",
        "기본급": 1549500,
        "근속수당등급": "◎",
        "적용": {
          "정액급식비": "○",
          "위험수당": "×",
          "급식운영수당": "×",
          "기술정보수당": "×",
          "특수업무수당": "×",
          "특수교육지원수당": "×",
          "면허가산수당": "×",
          "가족수당": "○",
          "정기상여금": "○",
          "명절휴가비": "○",
          "맞춤형복지": "○",
          "교무행정사(직무수당)": "×"
        },
        "일급": 59590
      },
      {
        "직종": "학교도서관사서",
        "기본급": 2266000,
        "근속수당등급": "◎",
        "적용": {
          "정액급식비": "○",
          "위험수당": "×",
          "급식운영수당": "×",
          "기술정보수당": "×",
          "특수업무수당": "◎",
          "특수교육지원수당": "×",
          "면허가산수당": "×",
          "가족수당": "○",
          "정기상여금": "○",
          "명절휴가비": "○",
          "맞춤형복지": "○",
          "교무행정사(직무수당)": "×"
        },
        "일급": 86730
      },
      {
        "직종": "학교도서관실무사",
        "기본급": 2066000,
        "근속수당등급": "◎",
        "적용": {
          "정액급식비": "○",
          "위험수당": "×",
          "급식운영수당": "×",
          "기술정보수당": "×",
          "특수업무수당": "×",
          "특수교육지원수당": "×",
          "면허가산수당": "×",
          "가족수당": "○",
          "정기상여금": "○",
          "명절휴가비": "○",
          "맞춤형복지": "○",
          "교무행정사(직무수당)": "×"
        },
        "일급": 79080
      },
      {
        "직종": "건강실무사",
        "기본급": 2066000,
        "근속수당등급": "◎",
        "적용": {
          "정액급식비": "○",
          "위험수당": "×",
          "급식운영수당": "×",
          "기술정보수당": "×",
          "특수업무수당": "×",
          "특수교육지원수당": "×",
          "면허가산수당": "×",
          "가족수당": "○",
          "정기상여금": "○",
          "명절휴가비": "○",
          "맞춤형복지": "○",
          "교무행정사(직무수당)": "×"
        },
        "일급": 79080
      },
      {
        "직종": "방과후전담사",
        "기본급": 1291250,
        "근속수당등급": "◎",
        "적용": {
          "정액급식비": "○",
          "위험수당": "×",
          "급식운영수당": "×",
          "기술정보수당": "×",
          "특수업무수당": "×",
          "특수교육지원수당": "×",
          "면허가산수당": "×",
          "가족수당": "○",
          "정기상여금": "○",
          "명절휴가비": "○",
          "맞춤형복지": "○",
          "교무행정사(직무수당)": "×"
        },
        "일급": 49660
      },
      {
        "직종": "영양사(기숙학교)",
        "기본급": 2266000,
        "근속수당등급": "◎",
        "적용": {
          "정액급식비": "○",
          "위험수당": "×",
          "급식운영수당": "○",
          "기술정보수당": "○",
          "특수업무수당": "×",
          "특수교육지원수당": "×",
          "면허가산수당": "×",
          "가족수당": "○",
          "정기상여금": "○",
          "명절휴가비": "○",
          "맞춤형복지": "○",
          "교무행정사(직무수당)": "×"
        },
        "일급": 86730
      },
      {
        "직종": "구육성회직원 제수당은 구육성회직원 관리지침을 적용함",
        "기본급": 0,
        "근속수당등급": "nan",
        "적용": {
          "정액급식비": "×",
          "위험수당": "×",
          "급식운영수당": "×",
          "기술정보수당": "×",
          "특수업무수당": "×",
          "특수교육지원수당": "×",
          "면허가산수당": "×",
          "가족수당": "×",
          "정기상여금": "×",
          "명절휴가비": "×",
          "맞춤형복지": "×",
          "교무행정사(직무수당)": "×"
        },
        "일급": 0
      },
      {
        "직종": "일급제 대체인력의 해당 직종 일급 단가가 89,600원 미만인 경우: 89,600원 지급, 89,600원 이상인 경우:  해당 직종 일급 단가 적용",
        "기본급": 0,
        "근속수당등급": "nan",
        "적용": {
          "정액급식비": "×",
          "위험수당": "×",
          "급식운영수당": "×",
          "기술정보수당": "×",
          "특수업무수당": "×",
          "특수교육지원수당": "×",
          "면허가산수당": "×",
          "가족수당": "×",
          "정기상여금": "×",
          "명절휴가비": "×",
          "맞춤형복지": "×",
          "교무행정사(직무수당)": "×"
        },
        "일급": 0
      }
    ]
  }
}